{"cameraMode":{"drawMode":0,"name":"Shaded","section":"Shading Mode"},"sceneLighting":false,"audioPlay":false,"sceneViewState":{"showFog":true,"showMaterialUpdate":false,"showSkybox":false,"showFlares":true,"showImageEffects":true,"showParticleSystems":true},"in2DMode":false,"pivot":{"x":0.00007915496826171875,"y":1.8487250804901124,"z":-0.07761549949645996},"rotation":{"x":-0.20067179203033448,"y":0.7528846263885498,"z":-0.2662372887134552,"w":-0.5674760341644287},"size":11.496906280517579,"orthographic":true}