{"cameraMode":{"drawMode":0,"name":"Shaded","section":"Shading Mode"},"sceneLighting":true,"audioPlay":false,"sceneViewState":{"showFog":true,"showMaterialUpdate":false,"showSkybox":true,"showFlares":true,"showImageEffects":true,"showParticleSystems":true},"in2DMode":false,"pivot":{"x":0.5899999737739563,"y":-0.11999999731779099,"z":-4.600000381469727},"rotation":{"x":0.19727128744125367,"y":-0.15078788995742799,"z":0.030723121017217637,"w":0.9681966304779053},"size":22.0,"orthographic":true}