{"cameraMode":{"drawMode":0,"name":"Shaded","section":"Shading Mode"},"sceneLighting":false,"audioPlay":false,"sceneViewState":{"showFog":true,"showMaterialUpdate":false,"showSkybox":false,"showFlares":true,"showImageEffects":true,"showParticleSystems":true},"in2DMode":false,"pivot":{"x":0.0,"y":0.20570293068885804,"z":-0.009683609008789063},"rotation":{"x":0.14660286903381349,"y":0.6839510798454285,"z":-0.14320391416549684,"w":0.7001644372940064},"size":4.740917205810547,"orthographic":true}